date,momentum,value,size,volatility,composite
2020-01-01,,-6.730727086790011e-17,-4.774236561644329e-14,,-2.3904836443655595e-14
2020-01-02,,2.7755575615628915e-18,4.5508041779385164e-14,,2.2755408668473362e-14
2020-01-03,,-6.38378239159465e-17,-9.57012247226885e-15,,-4.816980148092398e-15
2020-01-04,,6.245004513516506e-17,1.2773115898312426e-14,,6.417782971723795e-15
2020-01-05,,1.2212453270876723e-16,1.5432100042289676e-14,,7.777112287499221e-15
2020-01-06,,9.992007221626409e-17,-2.2870594307278226e-15,,-1.0935696792557794e-15
2020-01-07,,-8.881784197001253e-17,1.4377388168895777e-14,,7.144285163462882e-15
2020-01-08,,-1.9428902930940238e-17,-2.3780977187470852e-14,,-1.1900203045200897e-14
2020-01-09,,-3.608224830031759e-17,9.103828801926284e-15,,4.533873276812983e-15
2020-01-10,,1.5265566588595902e-16,3.197442310920451e-15,,1.675048988403205e-15
2020-01-11,,1.2212453270876723e-16,-7.971401316808624e-15,,-3.9246383920499285e-15
2020-01-12,,1.0408340855860843e-16,-1.836308882730009e-14,,-9.12950270937074e-15
2020-01-13,,-9.074772183703672e-17,-2.2204460492503132e-17,,-5.647609116476992e-17
2020-01-14,,-8.604228440844963e-17,2.0317081350640365e-14,,1.0115519533115957e-14
2020-01-15,,3.8857805861880476e-17,6.705747068735945e-15,,3.372302437298913e-15
2020-01-16,,8.500145032286355e-17,2.3536728122053318e-15,,1.2193371312640977e-15
2020-01-17,,2.7755575615628914e-17,1.0036416142611416e-14,,5.032085859113522e-15
2020-01-18,,-1.2281842209915794e-16,-4.507505479978136e-15,,-2.315161951038647e-15
2020-01-19,,3.191891195797325e-17,2.0872192862952944e-15,,1.0595690991266339e-15
2020-01-20,,-7.771561172376095e-17,-1.1435297153639112e-14,,-5.756506382681437e-15
2020-01-21,,6.938893903907228e-18,1.847966224488573e-14,,9.243300569394818e-15
2020-01-22,,1.1379786002407854e-16,2.094435735955358e-14,7.549516567451064e-16,7.271035625440922e-15
2020-01-23,,-4.9960036108132046e-17,1.7159190734972186e-14,2.6645352591003756e-16,5.791894741591365e-15
2020-01-24,,4.9960036108132046e-17,-2.7755575615628914e-17,-2.6645352591003756e-16,-8.141635513917814e-17
2020-01-25,,-2.7755575615628915e-18,8.371081605673681e-15,4.884981308350689e-16,2.9522680596490623e-15
2020-01-26,,-6.661338147750939e-17,-1.3378187446733136e-14,-2.6645352591003756e-16,-4.5704181180402275e-15
2020-01-27,,8.881784197001253e-17,-1.1413092693146609e-14,2.886579864025407e-16,-3.678538954924685e-15
2020-01-28,,2.42861286636753e-17,-2.0450308113595382e-14,9.103828801926283e-16,-6.5052130349130266e-15
2020-01-29,,4.163336342344337e-17,3.785860513971784e-15,-6.439293542825908e-16,1.0611881743708788e-15
2020-01-30,,-1.8735013540549517e-16,-1.3999912340523223e-14,0.0,-4.7290874919762395e-15
2020-01-31,,1.6653345369377347e-17,9.459100169806334e-15,-4.4408920985006264e-17,3.1437815313969016e-15
2020-02-01,,4.718447854656915e-17,-3.752553823233029e-15,-3.3306690738754696e-16,-1.3461454173580023e-15
2020-02-02,,4.9960036108132046e-17,-1.1735057370287905e-14,-3.774758283725532e-16,-4.0208577208507755e-15
2020-02-03,,5.2735593669694933e-17,9.42579347906758e-15,-1.1324274851176596e-15,2.7820338625398715e-15
2020-02-04,,-3.82506526452886e-17,8.548717289613705e-15,-2.220446049250313e-16,2.7628073440144616e-15
2020-02-05,,-7.112366251504908e-18,4.066191827689636e-15,-3.552713678800501e-16,1.2346026978526935e-15
2020-02-06,,-3.469446951953614e-17,5.925815393936773e-15,5.329070518200751e-16,2.1413426587457704e-15
2020-02-07,,-1.124100812432971e-16,7.049916206369744e-15,-1.3100631690576848e-15,1.8758143186895873e-15
2020-02-08,,3.3306690738754695e-17,-1.609823385706477e-15,5.329070518200751e-16,-3.4786988104921566e-16
2020-02-09,,-2.4980018054066023e-17,8.412714969097124e-15,3.6637359812630164e-16,2.9180361830564533e-15
2020-02-10,,-2.1094237467877973e-16,-1.9413637364351645e-14,5.10702591327572e-16,-6.371292382567618e-15
2020-02-11,,9.43689570931383e-17,1.280052452923286e-14,-7.105427357601002e-16,4.061450250188632e-15
2020-02-12,,1.1102230246251566e-17,1.4432899320127035e-15,3.108624468950438e-16,5.884182030513329e-16
2020-02-13,,9.853229343548264e-17,-1.4199752484955753e-14,3.9968028886505636e-16,-4.567179967551738e-15
2020-02-14,,-1.134509153288832e-16,-6.439293542825908e-15,2.220446049250313e-16,-2.11023328440992e-15
2020-02-15,,4.0245584642661923e-17,1.27675647831893e-15,1.1102230246251565e-16,4.760081218080359e-16
2020-02-16,,1.9984014443252818e-16,7.860379014346108e-15,7.105427357601002e-16,2.9235872981795788e-15
2020-02-17,,5.551115123125783e-18,-1.3800072196090695e-14,-3.108624468950438e-16,-4.701794509287538e-15
2020-02-18,,6.314393452555578e-17,4.163336342344337e-15,-5.551115123125783e-16,1.2237895881857716e-15
2020-02-19,,-2.2898349882893852e-17,5.495603971894525e-15,-5.329070518200751e-16,1.6465995233971856e-15
2020-02-20,,1.9428902930940238e-17,-1.0880185641326535e-15,5.995204332975846e-16,-1.563564093013762e-16
2020-02-21,,7.494005416219807e-17,-6.9833028248922345e-15,-1.7763568394002506e-16,-2.3619994848900208e-15
2020-02-22,,2.2343238370581277e-16,1.121325254871408e-15,-4.440892098500626e-16,3.0022280957571946e-16
2020-02-23,,-1.5265566588595904e-17,-5.7953641885433175e-15,1.3322676295501878e-16,-1.892467664058965e-15
2020-02-24,,1.1934897514720432e-16,2.242650509742816e-15,1.9984014443252818e-16,8.539465431075162e-16
2020-02-25,,1.7069679003611783e-16,-1.3522516439934406e-14,-2.6645352591003756e-16,-4.539424391936109e-15
2020-02-26,,-3.3306690738754695e-17,-9.414691248821327e-15,-2.220446049250313e-16,-3.223347514828371e-15
2020-02-27,,7.181755190543981e-17,6.306066779870889e-15,-8.659739592076221e-16,1.8373034575229025e-15
2020-02-28,,-3.053113317719181e-17,-4.3298697960381105e-15,-2.886579864025407e-16,-1.5496863052059477e-15
2020-02-29,,4.9960036108132046e-17,6.328271240363392e-15,1.1768364061026659e-15,2.5183558941913968e-15
2020-03-01,,2.2204460492503132e-17,3.9523939676655574e-15,-1.3322676295501878e-16,1.2804572217343472e-15
2020-03-02,,-1.6653345369377347e-17,8.337774914934925e-15,1.1546319456101628e-15,3.1585845050585703e-15
2020-03-03,,-6.418476861114186e-17,3.6637359812630166e-15,2.6645352591003756e-16,1.2886682461873041e-15
2020-03-04,,4.4408920985006264e-17,1.887379141862766e-15,9.769962616701378e-16,9.695947748393033e-16
2020-03-05,0.04840145949590606,1.9220736113823022e-16,-8.29336599394992e-15,-6.439293542825908e-16,0.01210036487397433
2020-03-06,0.06165712481186342,1.887379141862766e-16,-5.4178883601707636e-15,-1.4876988529977098e-15,0.015414281202964175
2020-03-07,0.08762248962416523,5.551115123125783e-18,1.0103029524088924e-15,3.3306690738754695e-17,0.021905622406041568
2020-03-08,0.08377710058868144,-2.7755575615628914e-17,-7.599476603559197e-15,3.0531133177191805e-16,0.02094427514716853
2020-03-09,0.08353942690619846,-1.0824674490095276e-16,1.8485213360008856e-14,-3.469446951953614e-16,0.020884856726554123
2020-03-10,0.07842872828442103,-7.771561172376095e-17,-6.006306563222097e-15,1.2979201047258471e-15,0.01960718207110406
2020-03-11,0.09279337880276059,6.938893903907228e-17,1.0005885009434223e-15,-2.3869795029440865e-16,0.023198344700690356
2020-03-12,0.0651714776693074,-6.800116025829084e-17,-1.0288991880713638e-14,-1.4377388168895776e-15,0.016292869417323903
2020-03-13,0.0693018985162399,-3.053113317719181e-17,-2.051137037994977e-15,-7.049916206369744e-16,0.017325474629059277
2020-03-14,0.067642531084003,-6.55725473919233e-17,8.326672684688674e-18,-1.3100631690576848e-15,0.01691063277100041
2020-03-15,0.07903830744962423,-5.551115123125783e-17,-2.2364055052292998e-15,-7.91033905045424e-16,0.019759576862405287
2020-03-16,0.05135609974288151,2.7755575615628914e-17,1.099120794378905e-15,3.3861802251067273e-16,0.012839024935720743
2020-03-17,0.04951059576890594,-1.3877787807814457e-17,-3.236300116782331e-15,3.275157922644212e-16,0.012377648942225756
2020-03-18,0.07797049937158058,-1.1796119636642288e-16,-1.0985656828665924e-14,-9.74220704108575e-16,0.019492624842892124
2020-03-19,0.08726383680621039,4.9960036108132046e-17,-1.0969003483296546e-14,1.4432899320127036e-16,0.021815959201549905
2020-03-20,0.08159208553736316,6.314393452555578e-17,-4.593547764386585e-15,1.0880185641326535e-15,0.02039802138433993
2020-03-21,0.07749627308616902,-1.1934897514720432e-16,1.205632815803881e-17,-2.4424906541753446e-16,0.019374068271542165
2020-03-22,0.07845396211440961,-3.3306690738754695e-17,3.777533841287095e-15,-8.770761894538737e-16,0.01961349052860312
2020-03-23,0.08429521303687565,-8.326672684688674e-18,5.617728504603292e-15,1.1768364061026659e-15,0.02107380325922061
2020-03-24,0.10834811235202679,-5.0306980803327406e-17,8.7735374521003e-15,-6.661338147750939e-16,0.02708702808800871
2020-03-25,0.06853277767643379,1.1657341758564144e-16,-8.364489656464969e-15,-1.2878587085651815e-15,0.01713319441910606
2020-03-26,0.06398666256716945,-1.4432899320127036e-16,3.3861802251067274e-15,9.159339953157541e-17,0.0159966656417932
2020-03-27,0.060140263309639605,-4.9960036108132046e-17,3.0697666630885577e-15,-3.108624468950438e-16,0.015035065827410578
2020-03-28,0.08749239047455118,2.4980018054066023e-17,-8.915090887740007e-15,7.327471962526033e-16,0.02187309761863576
2020-03-29,0.08296325191727258,-1.5404344466674047e-16,6.7390537594747005e-15,2.886579864025407e-16,0.020740812979319866
2020-03-30,0.11658944686646881,-3.3306690738754695e-17,2.7478019859472624e-15,-1.4432899320127036e-16,0.02914736171661785
2020-03-31,0.16932820793211734,-6.245004513516506e-17,8.326672684688674e-16,-4.4408920985006264e-17,0.042332051983029514
2020-04-01,0.1747438130673506,-5.828670879282072e-17,-2.2093438190040614e-15,1.7763568394002506e-16,0.04368595326683712
2020-04-02,0.1874563230285614,7.91033905045424e-17,-3.874678355941796e-15,2.2204460492503132e-17,0.04686408075713941
2020-04-03,0.18178981812258044,-5.828670879282072e-17,-1.6209256159527285e-15,-6.439293542825908e-16,0.045447454530644533
2020-04-04,0.15786103941190927,5.2735593669694933e-17,-2.298161660974074e-15,3.3306690738754696e-16,0.03946525985297684
2020-04-05,0.1277290104002489,-1.4849232954361468e-16,6.994405055138486e-16,2.4424906541753446e-16,0.031932252600062425
2020-04-06,0.1208764734144397,-6.661338147750939e-17,7.627232179174826e-15,5.773159728050814e-16,0.030219118353611962
2020-04-07,0.1497273934783988,1.4155343563970745e-16,-5.762057497804562e-15,1.7486012637846216e-15,0.03743184836959873
2020-04-08,0.15433292981787636,5.2735593669694933e-17,-5.428990590417015e-15,2.1510571102112408e-15,0.03858323245446828
2020-04-09,0.16118530797620342,7.216449660063518e-17,1.6653345369377348e-15,3.4416913763379854e-16,0.040296326994051376
2020-04-10,0.13974218728382817,4.4408920985006264e-17,-1.8318679906315083e-15,-7.438494264988549e-16,0.03493554682095641
2020-04-11,0.1372670999526598,6.938893903907228e-17,-2.808864252301646e-15,-1.9761969838327787e-15,0.03431677498816377
2020-04-12,0.1714078772741854,-2.2204460492503132e-17,1.6042722705833511e-15,1.2434497875801752e-15,0.04285196931854706
2020-04-13,0.19281577396907124,7.216449660063518e-17,2.986499936241671e-15,-4.662936703425658e-16,0.04820394349226846
2020-04-14,0.20774914223882163,7.632783294297951e-17,7.660538869913581e-16,2.2204460492503132e-17,0.05193728555970563
2020-04-15,0.21539150035386845,-5.828670879282072e-17,1.1102230246251566e-17,1.0436096431476472e-15,0.05384787508846736
2020-04-16,0.17748428804930969,1.1102230246251566e-17,1.1102230246251566e-17,5.995204332975846e-16,0.044371072012327574
2020-04-17,0.1662499992777516,-5.551115123125783e-18,-2.3647750424515835e-15,-9.992007221626409e-16,0.04156249981943706
2020-04-18,0.1666527086971328,-1.1379786002407854e-16,-7.216449660063518e-16,-1.7763568394002506e-16,0.04166317717428295
2020-04-19,0.1881801298094523,2.7755575615628914e-17,5.67323965583455e-15,-7.327471962526033e-16,0.04704503245236432
2020-04-20,0.168576921563581,8.326672684688674e-17,1.3544720900426909e-15,-2.2204460492503132e-17,0.042144230390895605
2020-04-21,0.16905953893589812,-5.828670879282072e-17,-2.7311486405778852e-15,6.439293542825908e-16,0.042264884733973995
2020-04-22,0.20463640289262863,1.249000902703301e-16,1.4210854715202005e-15,1.7763568394002506e-16,0.05115910072315758
2020-04-23,0.2227406463583217,-2.7755575615628914e-17,3.4861002973229914e-15,1.7763568394002506e-16,0.05568516158958133
2020-04-24,0.23576946909406687,8.049116928532385e-17,4.951594689828198e-15,2.220446049250313e-16,0.05894236727351803
2020-04-25,0.23267451589127486,-1.9428902930940238e-17,2.6645352591003757e-15,0.0,0.058168628972819374
2020-04-26,0.24185340979521275,-1.9984014443252818e-16,1.9539925233402757e-15,7.105427357601002e-16,0.060463352448803805
2020-04-27,0.24618024615096998,9.141992718397774e-17,1.3766765505351941e-15,3.108624468950438e-16,0.06154506153774294
2020-04-28,0.23133667158873772,1.1657341758564144e-16,-7.549516567451064e-16,1.2212453270876722e-15,0.057834167897184575
2020-04-29,0.21952903832847462,-5.551115123125783e-18,-5.7509552675583106e-15,5.10702591327572e-16,0.05488225958211734
2020-04-30,0.21719973249450814,9.992007221626409e-17,-8.815170815523744e-15,-4.440892098500626e-16,0.054299933123624744
2020-05-01,0.21009929071207498,-1.4988010832439614e-16,6.661338147750939e-17,-3.774758283725532e-16,0.052524822678018626
2020-05-02,0.18644501049251908,2.7755575615628914e-17,-3.3750779948604757e-15,-1.3516965324811282e-15,0.04661125262312859
2020-05-03,0.18562824475927184,-7.899192096868374e-17,1.0436096431476472e-15,-2.1649348980190552e-16,0.04640706118981815
2020-05-04,0.1900893910233452,-1.2906342661267446e-16,1.6431300764452318e-15,5.551115123125783e-16,0.047522347755836816
2020-05-05,0.15372810594854305,-6.106226635438361e-17,-1.0658141036401502e-15,2.1316282072803005e-15,0.03843202648713602
2020-05-06,0.15657024093316402,4.0245584642661923e-17,-3.3528735343679727e-15,-7.549516567451064e-16,0.039142560233289984
2020-05-07,0.17753102387048816,5.551115123125783e-18,-3.4861002973229914e-15,-2.331468351712829e-16,0.04438275596762111
2020-05-08,0.22633454982041243,9.43689570931383e-17,3.641531520770513e-15,-1.3100631690576848e-15,0.05658363745510371
2020-05-09,0.18914418372218417,1.1102230246251565e-16,5.573319583618286e-15,7.549516567451064e-16,0.04728604593054765
2020-05-10,0.22922073727170447,-9.43689570931383e-17,-2.4868995751603505e-15,1.0658141036401502e-15,0.057305184317925736
2020-05-11,0.22618683090451439,7.494005416219807e-17,1.7985612998927535e-15,1.5987211554602255e-15,0.05654670772612947
2020-05-12,0.22387033812296023,-1.637578961322106e-16,2.9976021664879227e-15,-4.440892098500626e-16,0.055967584530740654
2020-05-13,0.21616155820838684,-1.1102230246251566e-17,1.7541523789077474e-15,1.3322676295501878e-15,0.05404038955209748
2020-05-14,0.2635849875419035,6.661338147750939e-17,-2.1538326677728035e-15,-1.9317880628477722e-15,0.06589624688547487
2020-05-15,0.25511104721090405,-4.9960036108132046e-17,-5.329070518200751e-16,1.0547118733938987e-15,0.06377776180272612
2020-05-16,0.23435429153272214,9.43689570931383e-17,4.218847493575595e-15,8.437694987151189e-16,0.05858857288318182
2020-05-17,0.22777124798487264,-2.2898349882893852e-17,5.1292303737682235e-15,-4.2188474935755947e-16,0.05694281199621933
2020-05-18,0.2584701084697708,-3.3306690738754695e-17,-2.2204460492503132e-17,1.554312234475219e-16,0.06461752711744273
2020-05-19,0.28370334284790333,1.6792123247455492e-16,-3.175237850427948e-15,9.2148511043888e-16,0.07092583571197532
2020-05-20,0.2699952432976999,-1.9151347174783951e-16,2.531308496145357e-15,-4.2188474935755947e-16,0.06749881082442546
2020-05-21,0.25641688101242943,-1.9428902930940238e-17,4.884981308350689e-16,-3.6637359812630164e-16,0.06410422025310739
2020-05-22,0.28945619660805444,1.3877787807814457e-17,-4.307665335545607e-15,2.0539125955565397e-16,0.07236404915201258
2020-05-23,0.2948941055968571,3.053113317719181e-17,-2.1538326677728035e-15,9.020562075079397e-16,0.07372352639921396
2020-05-24,0.30415483274284066,5.412337245047638e-17,4.418687638008123e-15,1.1657341758564144e-16,0.07603870818571132
2020-05-25,0.29916731070502467,6.661338147750939e-17,-4.241051954068098e-15,1.0824674490095276e-15,0.07479182767625539
2020-05-26,0.3269470248216139,-3.469446951953614e-17,2.7755575615628914e-15,-4.3298697960381104e-16,0.08173675620540405
2020-05-27,0.3428958958587308,1.2212453270876723e-16,-1.1546319456101628e-15,-3.885780586188048e-16,0.08572397396468234
2020-05-28,0.3405351556228663,-1.2073675392798576e-16,-5.4622972811557705e-15,-1.887379141862766e-16,0.08513378890571514
2020-05-29,0.34282075930771194,-2.2204460492503132e-17,-6.639133687258436e-15,6.217248937900876e-16,0.08570518982692647
2020-05-30,0.35589249724604144,-7.771561172376095e-17,2.19824158875781e-15,3.9968028886505636e-16,0.088973124311511
2020-05-31,0.3810099924058992,-1.8041124150158794e-17,1.1102230246251565e-15,2.886579864025407e-16,0.09525249810147515
2020-06-01,0.31507511122887755,-7.771561172376095e-17,-5.4622972811557705e-15,-2.220446049250313e-16,0.07876877780721796
2020-06-02,0.30574374425965445,-7.771561172376095e-17,1.3322676295501878e-15,3.9274139496114914e-16,0.07643593606491403
2020-06-03,0.27062701802172373,-3.191891195797325e-17,-1.2190248810384218e-14,-8.493206138382448e-16,0.06765675450542766
2020-06-04,0.2664952802818715,8.743006318923108e-17,-8.659739592076221e-15,-2.220446049250313e-16,0.06662382007046569
2020-06-05,0.2562184053880154,8.326672684688674e-18,-6.661338147750939e-16,1.4432899320127036e-16,0.06405460134700372
2020-06-06,0.27247570481464506,-9.71445146547012e-17,4.04121180963557e-15,-4.551914400963141e-16,0.06811892620366214
2020-06-07,0.2736225597429191,-7.216449660063518e-17,2.2204460492503132e-17,5.773159728050814e-16,0.0684056399357299
2020-06-08,0.26799332482831184,6.106226635438361e-17,-1.3766765505351941e-15,5.773159728050814e-16,0.06699833120707777
2020-06-09,0.22785390105115963,-3.8857805861880476e-17,-6.883382752675971e-16,4.773959005888173e-16,0.056963475262789845
2020-06-10,0.2451348254301128,-2.4980018054066023e-17,4.7961634663806766e-15,6.217248937900876e-16,0.06128370635752955
2020-06-11,0.2288367115080681,2.0816681711721685e-17,-6.439293542825908e-16,1.2101430968414207e-15,0.05720917787701718
2020-06-12,0.23771248161409647,-7.771561172376095e-17,4.46309655899313e-15,-1.3322676295501878e-16,0.05942812040352518
2020-06-13,0.2138536142433624,2.4980018054066023e-17,4.4408920985006264e-17,6.883382752675971e-16,0.0534634035608408
2020-06-14,0.2127372007398957,-1.1102230246251566e-17,-5.773159728050814e-16,1.7763568394002506e-16,0.05318430018497382
2020-06-15,0.2023552631389804,-8.396061623727746e-17,2.3092638912203257e-15,5.329070518200751e-16,0.050588815784745784
2020-06-16,0.2163882993639464,-1.457167719820518e-16,3.4194869158454822e-15,1.1102230246251565e-16,0.05409707484098745
2020-06-17,0.19505365376504216,5.2735593669694933e-17,5.329070518200751e-15,-1.1102230246251565e-16,0.04876341344126186
2020-06-18,0.19678328870555534,-1.5959455978986624e-17,2.930988785010413e-15,-2.886579864025407e-16,0.04919582217638949
2020-06-19,0.21316189616821868,4.718447854656915e-17,-3.552713678800501e-15,-1.3322676295501878e-15,0.05329047404205346
2020-06-20,0.24583577959058017,3.8857805861880476e-17,-2.4646951146678474e-15,2.6645352591003756e-16,0.0614589448976445
2020-06-21,0.2417345089022369,-4.4408920985006264e-17,-1.1324274851176596e-15,3.9968028886505636e-16,0.060433627225559026
2020-06-22,0.2557185287145476,7.494005416219807e-17,-4.884981308350689e-15,1.3322676295501878e-16,0.06392963217863572
2020-06-23,0.23710592615135928,4.9960036108132046e-17,-4.4408920985006264e-17,-8.881784197001252e-16,0.0592764815378396
2020-06-24,0.22833193944213726,1.4710455076283324e-16,-9.769962616701378e-16,-1.1102230246251565e-16,0.05708298486053408
2020-06-25,0.18583709467485784,-4.0245584642661923e-17,9.769962616701378e-16,6.217248937900876e-16,0.04645927366871485
2020-06-26,0.1864758220302986,2.7755575615628914e-17,3.1530333899354444e-15,-1.887379141862766e-16,0.0466189555075754
2020-06-27,0.1899990591613834,1.6653345369377347e-17,2.886579864025407e-15,-5.551115123125783e-18,0.04749976479034658
2020-06-28,0.1937527363821061,5.551115123125783e-17,-3.3306690738754696e-15,2.1649348980190552e-16,0.04843818409552576
2020-06-29,0.18633732944715503,4.85722573273506e-17,-4.440892098500626e-15,-6.522560269672795e-16,0.046584332361787495
2020-06-30,0.1962131836152,3.053113317719181e-17,2.042810365310288e-15,-4.996003610813204e-16,0.04905329590380039
2020-07-01,0.19139645461951565,7.771561172376095e-17,-2.4424906541753444e-15,1.074140776324839e-15,0.047849113654878594
2020-07-02,0.18753127097978434,-1.0824674490095276e-16,2.4868995751603505e-15,-7.16093850883226e-16,0.0468828177449465
2020-07-03,0.19289145961682946,-9.71445146547012e-17,4.4408920985006264e-17,-4.2188474935755947e-16,0.04822286490420725
2020-07-04,0.19796006908977948,-9.992007221626409e-17,3.3306690738754696e-15,5.773159728050814e-16,0.04949001727244582
2020-07-05,0.21244268628218904,1.2490009027033011e-17,5.240252676230739e-15,5.995204332975846e-16,0.053110671570548725
2020-07-06,0.195265038793635,-1.27675647831893e-16,-1.4654943925052066e-15,1.4210854715202005e-15,0.0488162596984087
2020-07-07,0.20742769152996443,3.191891195797325e-17,-9.325873406851315e-16,-4.4408920985006264e-17,0.051856922882490865
2020-07-08,0.19958804633595387,-1.554312234475219e-16,4.352074256530614e-15,-3.108624468950438e-16,0.04989701158398944
2020-07-09,0.20770221458427765,7.702172233337023e-17,2.886579864025407e-15,8.881784197001252e-16,0.05192555364607038
2020-07-10,0.18049350409329562,-1.7208456881689927e-16,-5.329070518200751e-16,6.217248937900876e-16,0.045123376023323884
2020-07-11,0.21232572525779397,-1.6653345369377347e-17,-4.884981308350689e-16,-2.220446049250313e-16,0.053081431314448306
2020-07-12,0.16321440566300513,3.608224830031759e-17,2.220446049250313e-15,-2.6645352591003756e-16,0.040803601415751775
2020-07-13,0.1650544930398542,3.608224830031759e-17,4.440892098500626e-16,5.995204332975846e-16,0.04126362325996382
2020-07-14,0.16886156067693867,-1.4155343563970745e-16,3.774758283725532e-15,3.108624468950438e-16,0.04221539016923565
2020-07-15,0.15277528640726504,6.38378239159465e-17,-3.68594044175552e-15,9.992007221626409e-16,0.0381938216018156
2020-07-16,0.13643169607369493,-2.7755575615628915e-18,1.2434497875801752e-15,9.325873406851315e-16,0.03410792401842428
2020-07-17,0.14331138391899942,1.3964523981613297e-16,-3.552713678800501e-16,-8.881784197001252e-16,0.03582784597974958
2020-07-18,0.1646443597928802,-1.6653345369377347e-17,-4.440892098500626e-16,-2.220446049250313e-16,0.041161089948219876
2020-07-19,0.1886575967702284,-1.519617764955683e-16,-3.641531520770513e-15,-1.0658141036401502e-15,0.04716439919255589
2020-07-20,0.17411289960711523,-1.3392065234540951e-16,1.2434497875801752e-15,-1.3322676295501878e-16,0.04352822490177905
2020-07-21,0.11997087014676484,7.771561172376095e-17,1.2434497875801752e-15,3.3306690738754696e-16,0.029992717536691627
2020-07-22,0.12273973766961829,-4.4408920985006264e-17,4.4408920985006264e-17,7.771561172376096e-16,0.030684934417404768
2020-07-23,0.13945877538904045,-5.2735593669694933e-17,-1.7763568394002505e-15,1.3322676295501878e-16,0.03486469384725969
2020-07-24,0.09539175188832945,1.554312234475219e-16,8.881784197001252e-16,-4.4408920985006264e-17,0.023847937972082612
2020-07-25,0.08810626495613583,6.869504964868156e-17,4.884981308350689e-16,1.1324274851176596e-15,0.02202656623903438
2020-07-26,0.07676495321731036,2.2204460492503132e-17,1.2878587085651815e-15,7.105427357601002e-16,0.019191238304328097
2020-07-27,0.0906306458230711,2.2204460492503132e-17,2.9753977059954196e-15,-5.773159728050814e-16,0.022657661455768377
2020-07-28,0.03920256731883324,-2.1094237467877973e-16,-3.3750779948604757e-15,7.105427357601002e-16,0.009800641829707591
2020-07-29,0.04476776876767746,-2.2204460492503132e-17,-3.819167204710538e-15,5.10702591327572e-16,0.011191942191918535
2020-07-30,0.041340127422067816,-1.3322676295501878e-16,1.2878587085651815e-15,-8.881784197001252e-16,0.010335031855517022
2020-07-31,0.024449174109301565,8.881784197001253e-17,5.3734794391857575e-15,3.9968028886505636e-16,0.006112293527326857
2020-08-01,0.021538682051131207,7.355227538141662e-17,-2.176037128265307e-15,-2.886579864025407e-16,0.005384670512782204
2020-08-02,0.01706378064713352,2.7755575615628914e-17,7.01660951563099e-15,-1.3544720900426909e-15,0.004265945161784803
2020-08-03,0.023382508964196615,-2.4980018054066023e-17,4.352074256530614e-15,-2.0872192862952944e-15,0.005845627241049713
2020-08-04,0.008871162916761266,1.3877787807814457e-16,8.437694987151189e-16,1.7541523789077474e-15,0.0022177907291910004
2020-08-05,0.02089171913110509,-4.4408920985006264e-17,7.993605777301127e-16,2.2204460492503132e-17,0.005222929782776466
2020-08-06,0.020459807451223878,8.049116928532385e-17,-4.884981308350689e-15,9.547918011776346e-16,0.005114951862805007
2020-08-07,0.021074482602615054,-9.020562075079397e-17,0.0,-2.886579864025407e-16,0.005268620650653669
2020-08-08,0.010344112535929196,1.3877787807814458e-18,8.437694987151189e-16,-1.6875389974302379e-15,0.002586028133982088
2020-08-09,0.0361796543867664,9.159339953157541e-17,-4.529709940470638e-15,4.884981308350689e-16,0.009044913596690612
2020-08-10,0.02056152836285289,6.938893903907228e-17,-1.6431300764452318e-15,-4.440892098500626e-16,0.0051403820907127175
2020-08-11,0.03853151666667966,5.551115123125783e-18,-2.886579864025407e-15,-3.552713678800501e-16,0.009632879166669106
2020-08-12,0.034482673013934484,8.604228440844963e-17,-1.1990408665951691e-15,-3.774758283725532e-16,0.008620668253483248
2020-08-13,0.033342912206305544,-1.3877787807814457e-17,-3.552713678800501e-16,-9.992007221626409e-16,0.008335728051576044
2020-08-14,0.02813712066465641,-7.771561172376095e-17,3.8635761256955444e-15,-3.3306690738754696e-16,0.007034280166164967
2020-08-15,0.026001336824149124,-4.4408920985006264e-17,3.552713678800501e-16,2.4424906541753446e-16,0.006500334206037419
2020-08-16,0.008407464907318385,1.3877787807814457e-17,3.9968028886505636e-16,-3.3306690738754696e-16,0.0021018662268296163
2020-08-17,-0.018126865674980553,1.1934897514720432e-16,-1.5543122344752192e-15,-3.108624468950438e-16,-0.004531716418745575
2020-08-18,-0.005480638177856145,1.8318679906315082e-16,7.993605777301127e-16,-1.0436096431476472e-15,-0.0013701595444640515
2020-08-19,0.013837847643788526,5.551115123125783e-17,2.042810365310288e-15,-2.0650148258027913e-15,0.0034594619109471402
2020-08-20,0.022325008380447632,1.3392065234540951e-16,-2.7977620220553944e-15,-5.10702591327572e-16,0.005581252095111115
2020-08-21,0.04197830463291855,5.134781488891349e-17,-2.3980817331903383e-15,-3.9968028886505636e-16,0.01049457615822895
2020-08-22,0.0188229202976413,4.9960036108132046e-17,2.3980817331903383e-15,4.884981308350689e-16,0.004705730074411059
2020-08-23,0.008715896544605296,-1.1102230246251566e-17,1.9984014443252818e-15,0.0,0.002178974136151821
2020-08-24,0.0034033580439561282,-2.9420910152566647e-16,-1.5099033134902129e-15,8.881784197001252e-16,0.0008508395109888031
2020-08-25,-0.0047216927058019165,-7.771561172376095e-17,-2.264854970235319e-15,-8.437694987151189e-16,-0.0011804231764512758
2020-08-26,-0.01367391548793374,5.551115123125783e-17,-2.575717417130363e-15,-1.5543122344752192e-15,-0.003418478871984454
2020-08-27,-0.001554272863985917,-1.1102230246251565e-16,1.1102230246251565e-15,-3.9968028886505636e-16,-0.0003885682159963294
2020-08-28,-0.05261138662353837,-3.3306690738754695e-17,-1.7763568394002505e-15,-1.2212453270876722e-15,-0.01315284665588535
2020-08-29,-0.05701923286195996,-2.3592239273284576e-17,-1.865174681370263e-15,-1.9984014443252818e-16,-0.014254808215490512
2020-08-30,-0.034551732609783094,8.534839501805891e-17,1.4654943925052066e-15,1.554312234475219e-16,-0.008637933152445348
2020-08-31,-0.0062862847187669215,-9.402201239794295e-17,-1.909583602355269e-15,4.662936703425658e-16,-0.0015715711796921146
2020-09-01,-0.00938690841537405,-1.7763568394002506e-16,1.5987211554602255e-15,1.2434497875801752e-15,-0.002346727103842846
2020-09-02,0.01961301928692234,3.469446951953614e-17,-2.3092638912203257e-15,8.881784197001253e-17,0.004903254821730038
2020-09-03,0.01346117939249437,-1.1657341758564144e-16,-3.0642155479654322e-15,-2.220446049250313e-16,0.003365294848122742
2020-09-04,0.00678445634562469,-7.771561172376095e-17,7.549516567451064e-16,3.552713678800501e-16,0.0016961140864064305
2020-09-05,0.026092978885303608,-2.7755575615628915e-18,3.552713678800501e-16,5.995204332975846e-16,0.0065232447213261395
2020-09-06,0.012379425009969903,-4.371503159461554e-17,1.1102230246251565e-15,9.2148511043888e-16,0.0030948562524929727
2020-09-07,0.017275358396561004,3.191891195797325e-17,3.9968028886505636e-16,6.328271240363392e-16,0.004318839599140516
2020-09-08,0.03455008293868611,-1.1102230246251565e-16,-1.5987211554602255e-15,-6.217248937900876e-16,0.008637520734670945
2020-09-09,0.029159245259900136,8.326672684688674e-18,1.6209256159527285e-15,1.298960938811433e-15,0.007289811314975765
2020-09-10,0.04449925139108546,-8.326672684688674e-17,-8.215650382226159e-16,-9.992007221626409e-17,0.011124812847771115
2020-09-11,0.04243196866326249,1.3877787807814457e-16,0.0,-4.1078251911130794e-16,0.010607992165815554
2020-09-12,0.01518759594939204,-1.0269562977782698e-16,-3.9968028886505636e-16,-1.554312234475219e-16,0.0037968989873478458
2020-09-13,0.008906845528104312,1.0547118733938987e-16,-3.774758283725532e-16,-3.219646771412954e-16,0.0022267113820259293
2020-09-14,-0.0023821925586273605,2.2204460492503132e-17,-1.1102230246251565e-15,-3.164135620181696e-16,-0.0005955481396571913
2020-09-15,0.0032574270087375123,9.853229343548264e-17,1.8207657603852566e-15,3.3306690738754695e-17,0.0008143567521848662
2020-09-16,0.027537702870348325,2.2204460492503132e-17,-1.1102230246251565e-15,-7.327471962526033e-16,0.006884425717586626
2020-09-17,0.02545558955569155,7.216449660063518e-17,3.108624468950438e-16,-3.3306690738754696e-16,0.0063638973889229
2020-09-18,-0.005314387097006412,1.6132928326584307e-17,2.3980817331903383e-15,4.3298697960381104e-16,-0.001328596774250891
2020-09-19,0.003370111596296821,5.2735593669694933e-17,-1.3766765505351941e-15,2.1094237467877973e-16,0.000842527899073927
2020-09-20,0.008616019181635081,-1.4988010832439614e-16,-4.4408920985006264e-17,1.7763568394002506e-16,0.002154004795408766
2020-09-21,0.038651065650144326,-8.326672684688674e-18,-3.108624468950438e-16,2.2204460492503132e-17,0.009662766412536007
2020-09-22,0.07450505145390637,1.3877787807814457e-17,6.661338147750939e-16,5.773159728050814e-16,0.01862626286347691
2020-09-23,0.08005189734996322,5.2735593669694933e-17,-4.307665335545607e-15,-5.551115123125783e-16,0.020012974337489605
2020-09-24,0.04825451418593766,-4.163336342344337e-17,3.3306690738754696e-15,-7.549516567451064e-16,0.012063628546485048
2020-09-25,0.041916883056194856,-2.7755575615628914e-17,-6.661338147750939e-16,-6.439293542825908e-16,0.01047922076404838
2020-09-26,0.05759396639554978,5.551115123125783e-17,-3.907985046680551e-15,-1.9984014443252818e-16,0.014398491598886431
2020-09-27,0.053691552861066486,5.2735593669694933e-17,8.881784197001252e-16,7.327471962526033e-16,0.013422888215267041
2020-09-28,0.06273360935604778,3.981190377366772e-17,-3.552713678800501e-16,3.774758283725532e-16,0.01568340233901196
2020-09-29,0.07396405092747482,-1.249000902703301e-16,-6.217248937900876e-16,9.103828801926283e-16,0.018491012731868747
2020-09-30,0.10531477395090336,1.27675647831893e-16,2.220446049250313e-15,1.9984014443252818e-16,0.026328693487726474
2020-10-01,0.12644124282211416,-2.2204460492503132e-17,-3.8635761256955444e-15,8.881784197001253e-17,0.03161031070552759
2020-10-02,0.14626326288072983,-3.3306690738754695e-17,1.2878587085651815e-15,-3.774758283725532e-16,0.03656581572018267
2020-10-03,0.1396269399742548,-4.9960036108132046e-17,-2.220446049250313e-15,-1.1990408665951691e-15,0.03490673499356283
2020-10-04,0.13657729701465968,8.326672684688674e-18,-9.325873406851315e-16,-3.3306690738754696e-16,0.0341443242536646
2020-10-05,0.12434109541872262,-9.992007221626409e-17,-6.217248937900876e-16,-7.105427357601002e-16,0.0310852738546803
2020-10-06,0.10882750640906613,7.147060721024446e-17,-8.881784197001252e-16,-5.10702591327572e-16,0.0272068766022662
2020-10-07,0.10784731711081816,-1.0824674490095276e-16,0.0,3.774758283725532e-16,0.026961829277704605
2020-10-08,0.10328151699267943,3.8163916471489756e-17,4.04121180963557e-15,2.4424906541753446e-16,0.02582037924817094
2020-10-09,0.11369653946184162,-4.0245584642661923e-17,-1.5543122344752192e-15,-4.996003610813204e-16,0.02842413486545988
2020-10-10,0.13133181823719775,2.331468351712829e-16,3.8635761256955444e-15,6.661338147750939e-16,0.032832954559300624
2020-10-11,0.10882020827604802,1.7763568394002506e-16,0.0,9.658940314238861e-16,0.027205052069012293
2020-10-12,0.10462578383278594,1.2212453270876723e-16,-1.2878587085651815e-15,6.883382752675971e-16,0.026156445958196366
2020-10-13,0.10191714138108972,2.2204460492503132e-17,1.865174681370263e-15,8.215650382226159e-16,0.025479285345273106
2020-10-14,0.1048163610168018,-3.8857805861880476e-17,3.108624468950438e-16,-9.658940314238861e-16,0.026204090254200275
2020-10-15,0.08411291659598832,-2.7755575615628915e-18,4.352074256530614e-15,-3.9968028886505636e-16,0.02102822914899807
2020-10-16,0.047224513680725014,-1.1102230246251566e-17,1.865174681370263e-15,-2.220446049250313e-16,0.011806128420181661
2020-10-17,0.047312498329787345,-7.216449660063518e-17,2.0872192862952944e-15,-9.325873406851315e-16,0.011828124582447109
2020-10-18,0.043179314502677736,-3.8857805861880476e-17,5.773159728050814e-16,4.2188474935755947e-16,0.010794828625669673
2020-10-19,0.06898571899128861,-3.191891195797325e-17,-3.1530333899354444e-15,-2.220446049250313e-16,0.017246429747821302
2020-10-20,0.05278163399579805,-9.089951014118469e-17,5.773159728050814e-16,1.7763568394002506e-16,0.013195408498949679
2020-10-21,0.03863846518540888,1.457167719820518e-16,-5.773159728050814e-16,3.9968028886505636e-16,0.009659616296352213
2020-10-22,0.02636528934596134,3.053113317719181e-17,-8.881784197001252e-16,1.3322676295501878e-16,0.006591322336490154
2020-10-23,0.0372693004879574,1.3877787807814457e-17,-3.108624468950438e-16,1.7763568394002506e-16,0.009317325121989321
2020-10-24,0.025138404439517936,3.3306690738754695e-17,-2.1316282072803005e-15,-1.1546319456101628e-15,0.006284601109878671
2020-10-25,0.024730469919085007,1.6653345369377347e-17,5.773159728050814e-16,-1.3877787807814457e-15,0.006182617479771053
2020-10-26,0.02564886563444373,-3.191891195797325e-17,-8.881784197001252e-16,-5.995204332975846e-16,0.006412216408610553
2020-10-27,0.05326223836645425,1.6653345369377347e-17,-3.108624468950438e-16,1.6653345369377348e-16,0.01331555959161353
2020-10-28,0.03956436486156297,1.4988010832439614e-16,7.993605777301127e-16,2.886579864025407e-16,0.009891091215391053
2020-10-29,0.03342419733900429,-1.0269562977782698e-16,8.437694987151189e-16,-1.1546319456101628e-15,0.00835604933475097
2020-10-30,0.0827174394149784,-6.661338147750939e-17,-8.881784197001252e-16,-6.883382752675971e-16,0.020679359853744188
2020-10-31,0.05579304590372704,-8.326672684688674e-18,1.1102230246251565e-15,7.549516567451064e-16,0.013948261475932224
2020-11-01,0.05831452594362072,1.3600232051658169e-16,1.1546319456101628e-15,-2.886579864025407e-16,0.01457863148590543
2020-11-02,0.02198682858523816,1.5161483180037295e-16,-1.7319479184152442e-15,6.661338147750939e-16,0.005496707146309312
2020-11-03,0.029295991493073038,1.6653345369377347e-17,-2.0872192862952944e-15,6.439293542825908e-16,0.007323997873267903
2020-11-04,0.020742897580758056,-7.771561172376095e-17,3.108624468950438e-16,2.6645352591003756e-16,0.00518572439518964
2020-11-05,0.03223165089950238,2.0816681711721685e-16,-1.1990408665951691e-15,-1.554312234475219e-16,0.00805791272487531
2020-11-06,0.029331544793207497,-6.106226635438361e-17,-4.4408920985006264e-17,-6.050715484207103e-16,0.0073328861983016965
2020-11-07,0.014996604842738981,-7.077671781985372e-17,-1.7319479184152442e-15,-5.995204332975846e-16,0.0037491512106841447
2020-11-08,0.004693006040337411,6.938893903907228e-17,-3.197442310920451e-15,-1.1102230246251566e-17,0.001173251510083568
2020-11-09,-0.011649560407273296,1.7694179454963432e-16,1.1546319456101628e-15,1.554312234475219e-16,-0.002912390101817952
2020-11-10,-0.014183071804448666,9.992007221626409e-17,1.1546319456101628e-15,-1.1102230246251565e-16,-0.0035457679511118802
2020-11-11,-0.023181753099755432,-5.828670879282072e-17,-3.108624468950438e-16,-7.327471962526033e-16,-0.005795438274939134
2020-11-12,-0.051740778381645515,4.4408920985006264e-17,-1.9984014443252818e-15,3.3306690738754696e-16,-0.012935194595411785
2020-11-13,-0.06770928869597055,1.6653345369377347e-17,-1.3766765505351941e-15,-3.3306690738754696e-16,-0.01692732217399306
2020-11-14,-0.07391928829941416,6.106226635438361e-17,2.7089441800853818e-15,-9.825473767932635e-16,-0.018479822074853096
2020-11-15,-0.04260478128195459,-8.326672684688674e-18,2.4424906541753444e-15,8.881784197001253e-17,-0.010651195320488017
2020-11-16,-0.03492424641773741,2.1094237467877973e-16,1.0658141036401502e-15,6.439293542825908e-16,-0.008731061604433873
2020-11-17,-0.03785308471817874,-1.6653345369377347e-17,-1.3322676295501878e-15,2.886579864025407e-16,-0.009463271179544949
2020-11-18,-0.028180797293600946,1.6653345369377347e-17,-9.769962616701378e-16,-8.1601392309949e-16,-0.007045199323400681
2020-11-19,-0.034362602499561835,1.1657341758564144e-16,-2.6645352591003756e-16,4.496403249731884e-16,-0.008590650624890383
2020-11-20,-0.008139749669903395,1.2212453270876723e-16,-7.993605777301127e-16,-1.7041923427996153e-15,-0.002034937417476444
2020-11-21,-0.0019031162642100586,-1.0269562977782698e-16,-7.105427357601002e-16,-1.6570078642530462e-15,-0.00047577906605313227
2020-11-22,-0.00935309762373827,8.326672684688674e-17,-4.884981308350689e-16,-1.1206313654810174e-15,-0.0023382744059349493
2020-11-23,-0.018443301255737322,1.3600232051658169e-16,-3.508304757815495e-15,1.05609965217468e-15,-0.00461082531393491
2020-11-24,-0.013027673343369007,-1.1657341758564144e-16,2.6645352591003756e-16,7.105427357601002e-16,-0.003256918335842036
2020-11-25,-0.02817802390263021,-1.9012569296705805e-16,0.0,-1.7763568394002506e-16,-0.0070445059756576445
2020-11-26,-0.003242083235885118,-2.7755575615628914e-17,-1.2434497875801752e-15,7.16093850883226e-16,-0.0008105208089714183
2020-11-27,0.016007284218843666,-9.43689570931383e-17,7.549516567451064e-16,2.498001805406602e-16,0.0040018210547111445
2020-11-28,-0.001525700575297506,-4.9960036108132046e-17,2.6645352591003756e-16,7.93809462606987e-16,-0.0003814251438241239
2020-11-29,-0.0010282442458959928,1.6653345369377347e-17,1.1990408665951691e-15,-7.438494264988549e-16,-0.0002570610614738802
2020-11-30,-0.016105094851342826,7.632783294297952e-18,-1.1990408665951691e-15,-8.770761894538737e-16,-0.004026273712836224
2020-12-01,0.006139057282621552,3.053113317719181e-17,1.1990408665951691e-15,2.609024107869118e-16,0.0015347643206557605
2020-12-02,-0.03626532373047946,3.469446951953614e-17,1.4210854715202005e-15,4.718447854656915e-16,-0.009066330932619382
2020-12-03,-0.08188962064112304,-1.1102230246251565e-16,9.325873406851315e-16,1.6708856520608607e-15,-0.02047240516028014
2020-12-04,-0.08284023480601085,-1.4224732503009818e-16,-3.241851231905457e-15,7.716050021144838e-16,-0.020710058701503366
2020-12-05,-0.070633685210986,-2.2204460492503132e-17,-4.440892098500626e-16,-5.828670879282072e-17,-0.01765842130274663
2020-12-06,-0.07969073673659419,-1.6653345369377347e-17,-4.884981308350689e-16,3.552713678800501e-16,-0.01992268418414858
2020-12-07,-0.054304250196033535,-3.608224830031759e-17,1.1990408665951691e-15,-3.3306690738754695e-17,-0.013576062549008101
2020-12-08,-0.05109224679890414,1.6653345369377347e-17,1.865174681370263e-15,-1.1546319456101628e-15,-0.012773061699725852
2020-12-09,-0.04240359114549693,0.0,4.884981308350689e-16,-7.605027718682322e-16,-0.010600897786374302
2020-12-10,-0.026126917274896376,1.9428902930940238e-17,1.6431300764452318e-15,-4.4408920985006264e-17,-0.006531729318723689
2020-12-11,-0.02417539068046205,2.0261570199409106e-16,1.4210854715202005e-15,-1.7763568394002506e-16,-0.006043847670115151
2020-12-12,-0.03920334315684539,7.216449660063518e-17,1.1990408665951691e-15,5.551115123125783e-17,-0.009800835789211017
2020-12-13,-0.01269305061375926,1.7694179454963432e-16,-2.6645352591003756e-16,8.6319840164605925e-16,-0.0031732626534396215
2020-12-14,-0.005376861545982247,6.938893903907229e-19,2.7089441800853818e-15,-8.215650382226159e-16,-0.0013442153864950898
2020-12-15,-0.018158628904204555,-6.106226635438361e-17,-9.769962616701378e-16,5.551115123125783e-16,-0.00453965722605126
2020-12-16,-0.014743575391943552,1.304512053934559e-16,-2.6645352591003756e-16,1.942890293094024e-16,-0.0036858938479858738
2020-12-17,0.009983626864258877,-1.0408340855860843e-17,1.2878587085651815e-15,-3.6637359812630164e-16,0.002495906716064947
2020-12-18,0.04016550435272835,-1.2628786905111155e-16,3.730349362740526e-15,2.220446049250313e-16,0.010041376088183045
2020-12-19,0.037917087572044275,1.9151347174783951e-16,-1.5987211554602255e-15,-7.216449660063518e-17,0.009479271893010701
2020-12-20,0.06575216183532431,-4.093947403305265e-17,7.993605777301127e-16,9.992007221626409e-17,0.016438040458831293
2020-12-21,0.06904455973830445,1.6653345369377347e-17,2.220446049250313e-15,6.63358257213531e-16,0.017261139934576838
2020-12-22,0.0708880850771785,-5.412337245047638e-17,-2.220446049250313e-16,6.245004513516506e-16,0.017722021269294713
2020-12-23,0.07183635407891611,3.469446951953614e-18,-1.6431300764452318e-15,4.274358644806853e-16,0.017959088519728727
2020-12-24,0.06772990135476532,1.5265566588595902e-16,2.6645352591003756e-16,6.106226635438361e-17,0.01693247533869145
2020-12-25,0.05239267476858992,-4.5796699765787705e-17,-1.1102230246251565e-15,5.717648576819557e-16,0.013098168692147333
2020-12-26,0.08124482261683234,3.608224830031759e-17,2.7089441800853818e-15,-9.93649607039515e-16,0.020311205654208523
2020-12-27,0.07285112313946358,8.326672684688674e-17,1.3766765505351941e-15,9.020562075079397e-16,0.018212780784866486
2020-12-28,0.07023457092615279,5.2735593669694933e-17,2.3980817331903383e-15,-4.3021142204224816e-16,0.017558642731538704
2020-12-29,0.040350778359896665,-9.992007221626409e-17,3.1530333899354444e-15,-2.570860191397628e-16,0.010087694589974865
2020-12-30,0.06060900493671602,-3.3306690738754695e-17,7.993605777301127e-16,-6.120104423246176e-16,0.015152251234179043
2020-12-31,0.07109517054821717,-1.3877787807814457e-16,-2.220446049250313e-16,-8.326672684688674e-17,0.01777379263705418
2021-01-01,0.06276648207796814,-4.163336342344337e-18,-3.108624468950438e-16,-3.552713678800501e-16,0.01569162051949187
2021-01-02,0.10024636144487489,2.0539125955565397e-16,1.5099033134902129e-15,5.939693181744587e-16,0.025061590361219303
2021-01-03,0.10550881821550924,-1.0269562977782698e-16,2.3980817331903383e-15,1.554312234475219e-16,0.026377204553877924
2021-01-04,0.14120396548181763,-1.0408340855860843e-16,-2.6645352591003756e-16,4.191091917959966e-16,0.035300991370454414
2021-01-05,0.15782550066963383,6.522560269672795e-17,2.7089441800853818e-15,-9.367506770274758e-17,0.03945637516740913
2021-01-06,0.15419020143979664,-2.2204460492503132e-17,3.108624468950438e-16,2.7755575615628914e-17,0.03854755035994924
2021-01-07,0.14452377269092326,-1.713039432527097e-16,0.0,-7.216449660063518e-16,0.03613094317273059
2021-01-08,0.14619940354768277,-1.0269562977782698e-16,-2.575717417130363e-15,1.3433698597964394e-15,0.03654985088692035
2021-01-09,0.144422540156391,4.163336342344337e-18,-3.197442310920451e-15,-8.132383655379272e-16,0.03610563503909675
2021-01-10,0.14501128582680445,-1.3877787807814457e-16,-1.7763568394002505e-15,1.6493750809587481e-15,0.03625282145670104
2021-01-11,0.15537717585131075,-7.771561172376095e-17,5.773159728050814e-16,-4.3966566498632174e-16,0.0388442939628277
2021-01-12,0.15292762295444046,3.8857805861880476e-17,-1.1990408665951691e-15,-2.2204460492503132e-17,0.038231905738609816
2021-01-13,0.14241262637501034,3.9898639947466563e-17,8.881784197001252e-16,-1.554312234475219e-16,0.03560315659375277
2021-01-14,0.14433361026642771,9.43689570931383e-17,-2.0872192862952944e-15,1.887379141862766e-15,0.0360834025666069
2021-01-15,0.16343678654228663,-1.8943180357666734e-16,1.1546319456101628e-15,-3.8857805861880476e-17,0.040859196635571894
2021-01-16,0.15234388372126909,-1.9428902930940238e-17,-8.881784197001252e-16,1.7416623698807143e-15,0.03808597093031748
2021-01-17,0.12127655710523219,-1.2212453270876723e-16,-8.437694987151189e-16,-4.996003610813204e-16,0.03031913927630768
2021-01-18,0.12652457387423013,2.7755575615628915e-18,8.881784197001252e-16,-1.3877787807814457e-17,0.03163114346855775
2021-01-19,0.10734028444337554,2.4980018054066023e-17,1.4654943925052066e-15,2.1344037648418636e-15,0.026835071110844794
2021-01-20,0.08286401609589487,-1.3322676295501878e-16,-2.3092638912203257e-15,7.16093850883226e-16,0.02071600402397329
2021-01-21,0.06750565992194028,-2.2204460492503132e-17,2.3980817331903383e-15,9.880984919163894e-16,0.01687641498048591
2021-01-22,0.0658590509935806,-4.4408920985006264e-17,-3.2862601528904635e-15,-3.9968028886505636e-16,0.016464762748394215
2021-01-23,0.03233034963411836,1.0824674490095276e-16,-7.993605777301127e-16,-4.662936703425658e-16,0.008082587408529303
2021-01-24,0.0031232330302686353,9.211381657436846e-17,-3.4638958368304883e-15,-2.7755575615628914e-16,0.0007808082575662465
2021-01-25,0.005286174892497409,-1.8596235662471373e-16,-2.3092638912203257e-15,1.2323475573339237e-15,0.0013215437231240367
2021-01-26,-0.0030145267917235487,1.249000902703301e-16,-8.437694987151189e-16,1.1102230246251565e-16,-0.0007536316979310392
2021-01-27,-0.0055103020102077235,-2.1961599205866377e-16,1.7763568394002505e-15,-1.0186296250935812e-15,-0.0013775755025517962
2021-01-28,-0.004423622713146702,1.7416623698807144e-16,3.108624468950438e-16,-2.2204460492503132e-17,-0.0011059056782865599
2021-01-29,0.010391200118181797,-1.2212453270876723e-16,5.329070518200751e-16,-2.886579864025407e-16,0.00259780002954548
2021-01-30,0.012666336838269543,-1.554312234475219e-16,-2.176037128265307e-15,3.774758283725532e-16,0.0031665842095668973
2021-01-31,0.02418895646978293,-1.0789980020575741e-16,-3.819167204710538e-15,1.1102230246251565e-16,0.006047239117444778
2021-02-01,0.02285267976448342,-1.2212453270876723e-16,1.1990408665951691e-15,-4.996003610813204e-16,0.005713169941120999
2021-02-02,0.009753147867069744,-5.551115123125783e-17,-2.4424906541753444e-15,3.4416913763379854e-16,0.0024382869667668975
2021-02-03,0.04394901152780302,-2.7755575615628914e-17,1.1546319456101628e-15,-3.552713678800501e-16,0.010987252881950947
2021-02-04,0.04109858216682073,2.4147350785597153e-16,1.4654943925052066e-15,4.662936703425658e-16,0.010274645541705726
2021-02-05,0.018982205734833148,2.0816681711721685e-16,-3.508304757815495e-15,6.661338147750939e-16,0.004745551433707629
2021-02-06,-0.020212446264896277,1.1102230246251565e-16,-5.773159728050814e-16,-5.773159728050814e-16,-0.0050531115662243295
2021-02-07,-0.0024497672820146697,7.494005416219807e-17,8.437694987151189e-16,-7.327471962526033e-16,-0.0006124418205036209
2021-02-08,-0.027193359722914277,9.853229343548264e-17,-1.3766765505351941e-15,-3.552713678800501e-16,-0.006798339930728978
2021-02-09,-0.006290972898976432,-6.661338147750939e-17,1.1546319456101628e-15,-6.661338147750939e-17,-0.0015727432247438528
2021-02-10,-0.004629925959560954,-1.1102230246251566e-17,1.9984014443252818e-15,5.329070518200751e-16,-0.0011574814898896086
2021-02-11,-0.014244400358573684,6.314393452555578e-17,1.1102230246251565e-15,-3.552713678800501e-16,-0.0035611000896432167
2021-02-12,-0.028200969756715176,6.38378239159465e-17,-2.4868995751603505e-15,8.659739592076221e-16,-0.0070502424391791834
2021-02-13,-0.008921871740919718,-1.609823385706477e-16,-1.1102230246251565e-15,3.3306690738754696e-16,-0.002230467935230164
2021-02-14,-0.03376035231121771,-4.3194614551822494e-17,-8.437694987151189e-16,1.9984014443252818e-16,-0.0084400880778046
2021-02-15,-0.034101205833174365,-4.9960036108132046e-17,-1.1546319456101628e-15,6.661338147750939e-17,-0.008525301458293874
2021-02-16,-0.023370196007660472,-4.9960036108132046e-17,-3.108624468950438e-16,6.883382752675971e-16,-0.0058425490019150365
2021-02-17,-0.027322331417305536,-3.8857805861880476e-17,3.108624468950438e-16,-4.4408920985006264e-17,-0.006830582854326327
2021-02-18,-0.026169486125198482,-3.8857805861880476e-17,-8.437694987151189e-16,-9.992007221626409e-16,-0.006542371531300091
2021-02-19,-0.01855138146532557,1.9012569296705805e-16,-5.329070518200751e-16,-6.661338147750939e-17,-0.0046378453663314945
2021-02-20,-0.012774848209072098,1.8596235662471373e-16,-5.773159728050814e-16,-1.7763568394002506e-16,-0.003193712052268167
2021-02-21,-0.04435399719238807,-4.5796699765787705e-17,-2.220446049250313e-15,-3.9968028886505636e-16,-0.011088499298097685
2021-02-22,-0.07456645268110258,4.9960036108132046e-17,5.329070518200751e-16,4.440892098500626e-16,-0.01864161317027539
2021-02-23,-0.07035199644586412,-1.27675647831893e-16,-2.7089441800853818e-15,-1.6653345369377348e-15,-0.017587999111467155
2021-02-24,-0.08903987972289236,1.9012569296705805e-16,-3.108624468950438e-16,4.440892098500626e-16,-0.022259969930723007
2021-02-25,-0.09889319412962713,-1.3600232051658169e-16,-2.220446049250313e-16,-9.880984919163894e-16,-0.02472329853240712
2021-02-26,-0.11940788108932546,-4.163336342344337e-17,-2.575717417130363e-15,7.827072323607353e-16,-0.029851970272331826
2021-02-27,-0.13436582315083387,-6.522560269672795e-17,5.773159728050814e-16,4.551914400963141e-16,-0.033591455787708224
2021-02-28,-0.13010656239853896,5.0306980803327404e-18,6.217248937900876e-16,-1.2212453270876723e-16,-0.032526640599634615
2021-03-01,-0.13774896322569602,1.6653345369377348e-16,8.437694987151189e-16,1.554312234475219e-16,-0.03443724080642371
2021-03-02,-0.11621472120296461,-1.1102230246251566e-17,2.531308496145357e-15,2.3092638912203257e-15,-0.02905368030073995
2021-03-03,-0.11791341010005436,2.7755575615628915e-18,-2.176037128265307e-15,-2.4424906541753446e-16,-0.029478352525014198
2021-03-04,-0.12947367149979097,-5.551115123125783e-17,1.909583602355269e-15,5.551115123125783e-17,-0.032368417874947264
2021-03-05,-0.11327243588522969,1.3322676295501878e-16,1.6875389974302379e-15,1.2212453270876723e-16,-0.028318108971306932
2021-03-06,-0.12421565652307412,1.6792123247455492e-16,2.264854970235319e-15,1.2656542480726785e-15,-0.031053914130767607
2021-03-07,-0.15200071596697762,-1.2073675392798576e-16,-2.3092638912203257e-15,1.1102230246251566e-17,-0.03800017899174501
2021-03-08,-0.16547777356081622,2.4424906541753446e-16,-4.884981308350689e-16,-9.547918011776346e-16,-0.041369443390204354
2021-03-09,-0.18078680183005597,-5.0653925498522766e-17,-8.881784197001252e-16,4.440892098500626e-16,-0.045196700457514116
2021-03-10,-0.19489025814225894,-8.881784197001253e-17,5.773159728050814e-16,-1.3322676295501878e-15,-0.04872256453556494
2021-03-11,-0.18024551982140272,6.661338147750939e-17,-8.437694987151189e-16,3.3306690738754696e-16,-0.04506137995535079
2021-03-12,-0.20098606013671713,-1.8735013540549517e-16,8.437694987151189e-16,3.108624468950438e-16,-0.05024651503417905
2021-03-13,-0.19395820302888192,-9.159339953157541e-17,-8.437694987151189e-16,2.886579864025407e-16,-0.04848955075722064
2021-03-14,-0.20159620020211816,-7.771561172376095e-17,-1.1546319456101628e-15,1.1768364061026659e-15,-0.05039905005052956
2021-03-15,-0.20434714533423232,0.0,2.220446049250313e-16,-3.552713678800501e-16,-0.051086786333558114
2021-03-16,-0.2051220305421338,-6.245004513516506e-17,-1.5987211554602255e-15,4.4408920985006264e-17,-0.05128050763553385
2021-03-17,-0.18311719260939877,5.689893001203927e-17,-5.329070518200751e-16,6.92154666914746e-16,-0.045779298152349636
2021-03-18,-0.19907545644479965,2.1371793224034264e-16,0.0,3.608224830031759e-16,-0.04976886411119977
2021-03-19,-0.18873553696990591,-4.4408920985006264e-17,-2.6645352591003756e-16,1.870725796493389e-15,-0.0471838842424761
2021-03-20,-0.18694082623124825,-1.4432899320127036e-16,2.6645352591003756e-16,-9.409140133698201e-16,-0.04673520655781226
2021-03-21,-0.18125180004478664,1.8596235662471373e-16,1.6875389974302379e-15,1.1657341758564144e-16,-0.04531295001119616
2021-03-22,-0.18551385340061805,-5.828670879282072e-17,2.6645352591003756e-16,-1.892930256985892e-15,-0.04637846335015493
2021-03-23,-0.15597551614788957,2.7755575615628914e-17,-1.865174681370263e-15,-7.244205235679147e-16,-0.03899387903697303
2021-03-24,-0.1362369227086545,7.485331798839922e-17,7.993605777301127e-16,-1.0243542125643046e-15,-0.03405923067716366
2021-03-25,-0.13322730299412705,2.525757381022231e-16,2.220446049250313e-15,1.9428902930940238e-17,-0.03330682574853114
2021-03-26,-0.13602090163683556,-1.5057399771478685e-16,-8.437694987151189e-16,-9.870576578308032e-16,-0.03400522540920938
2021-03-27,-0.12794260547444153,5.724587470723463e-17,2.6645352591003756e-16,-6.980527267330671e-16,-0.03198565136861047
2021-03-28,-0.13073750741326734,-1.9428902930940238e-17,-1.6875389974302379e-15,6.078471059822732e-16,-0.03268437685331711
2021-03-29,-0.1268548988054712,-1.0963452368173421e-16,3.108624468950438e-16,-5.778363898478745e-16,-0.0317137247013679
2021-03-30,-0.1230945531414592,-3.6637359812630164e-16,-3.0642155479654322e-15,4.309053114326389e-16,-0.03077363828536555
2021-03-31,-0.11644988830809444,-9.159339953157541e-17,0.0,6.022959908591474e-16,-0.029112472077023485
2021-04-01,-0.11814791526565797,5.551115123125783e-17,-1.909583602355269e-15,-1.1601830607332885e-15,-0.02953697881641525
2021-04-02,-0.13552760663189506,-5.620504062164855e-17,-2.6645352591003757e-15,-1.0325074129013957e-15,-0.0338819016579747
2021-04-03,-0.1398234781523072,-2.7755575615628914e-17,1.6431300764452318e-15,-1.8318679906315082e-16,-0.034955869538076445
2021-04-04,-0.14074201351183074,1.9463597400459776e-16,1.0658141036401502e-15,-2.6922908347160044e-16,-0.03518550337795744
2021-04-05,-0.15600764109120155,-2.1094237467877973e-16,4.4408920985006264e-17,1.0547118733938987e-16,-0.0390019102728004
2021-04-06,-0.14748209696927309,1.7208456881689927e-16,2.176037128265307e-15,-1.101896351940468e-15,-0.036870524242317966
2021-04-07,-0.17074323517865034,4.4408920985006264e-17,1.7763568394002505e-15,-8.881784197001253e-17,-0.04268580879466215
2021-04-08,-0.1403093331234892,-1.3877787807814457e-16,5.773159728050814e-16,-2.7755575615628914e-16,-0.03507733328087226
2021-04-09,-0.1441532029166177,1.3010426069826053e-16,-8.881784197001252e-16,8.659739592076221e-16,-0.0360383007291544
2021-04-10,-0.12723521532808438,-1.3600232051658169e-16,2.6645352591003756e-16,3.9412917374193055e-16,-0.03180880383202096
2021-04-11,-0.1327063815051194,2.4147350785597153e-16,-2.3092638912203257e-15,-1.3544720900426909e-15,-0.033176595376280704
2021-04-12,-0.10947104722671619,-4.163336342344337e-17,0.0,-4.496403249731884e-16,-0.02736776180667917
2021-04-13,-0.11956744116706912,8.014422459012849e-17,2.3092638912203257e-15,6.217248937900876e-16,-0.029891860291766527
2021-04-14,-0.13411724500615835,-9.43689570931383e-17,-2.6645352591003756e-16,2.2343238370581277e-16,-0.03352931125153962
2021-04-15,-0.13087890420749448,2.7755575615628914e-17,-8.881784197001252e-16,1.124100812432971e-16,-0.03271972605187381
2021-04-16,-0.12341156643817545,-1.1934897514720432e-16,8.881784197001252e-16,4.440892098500626e-16,-0.030852891609543562
2021-04-17,-0.11431929285611826,1.8318679906315082e-16,-1.4654943925052066e-15,1.3877787807814457e-16,-0.028579823214029854
2021-04-18,-0.10882202005838933,-2.1926904736346843e-16,3.197442310920451e-15,-1.1823875212257918e-15,-0.027205505014596884
2021-04-19,-0.114894042944047,-6.938893903907228e-17,3.197442310920451e-15,5.218048215738236e-16,-0.028723510736010836
2021-04-20,-0.10446442009728636,-3.608224830031759e-17,1.1102230246251565e-15,-4.3298697960381104e-16,-0.02611610502432143
2021-04-21,-0.10177035309301789,-9.992007221626409e-17,3.0642155479654322e-15,-9.49240686054509e-16,-0.025442588273253967
2021-04-22,-0.11854396171728146,4.9960036108132046e-17,-3.108624468950438e-16,-7.549516567451064e-16,-0.029635990429320615
2021-04-23,-0.13480376418297232,-1.6653345369377347e-17,-2.6645352591003757e-15,2.2204460492503132e-17,-0.03370094104574375
2021-04-24,-0.13778260885997348,-4.163336342344337e-18,1.2434497875801752e-15,6.7723604502134545e-16,-0.03444565221499289
2021-04-25,-0.13543581486259865,-9.853229343548264e-17,1.7763568394002505e-15,1.6653345369377348e-16,-0.033858953715649204
2021-04-26,-0.12574324641488588,-1.7763568394002506e-16,-3.641531520770513e-15,-3.9968028886505636e-16,-0.03143581160372252
2021-04-27,-0.12689008438975743,4.232725281383409e-17,-2.4424906541753444e-15,-5.10702591327572e-16,-0.03172252109744008
2021-04-28,-0.11508041540950956,1.6653345369377348e-16,2.3980817331903383e-15,6.661338147750939e-17,-0.02877010385237673
2021-04-29,-0.0983012004631574,6.730727086790011e-17,0.0,1.2212453270876723e-16,-0.024575300115789303
2021-04-30,-0.10166000300714986,4.718447854656915e-17,-6.217248937900876e-16,5.551115123125783e-17,-0.025415000751787598
2021-05-01,-0.09604646206020975,2.1094237467877973e-16,6.217248937900876e-16,2.6645352591003756e-16,-0.024011615515052164
2021-05-02,-0.10859059588964828,-1.582067810090848e-16,-5.773159728050814e-16,-6.550315845288424e-16,-0.027147648972412418
2021-05-03,-0.0799498062964801,-1.6653345369377347e-17,0.0,-5.4531032467330935e-16,-0.019987451574120164
2021-05-04,-0.06830356610495983,2.4147350785597153e-16,-5.329070518200751e-16,-1.124100812432971e-15,-0.01707589152624031
2021-05-05,-0.09664836724344278,4.9960036108132046e-17,8.437694987151189e-16,-2.0539125955565397e-16,-0.02416209181086052
2021-05-06,-0.08841687577453212,-1.2490009027033011e-17,1.4210854715202005e-15,6.494804694057165e-16,-0.022104218943632518
2021-05-07,-0.1011627741592872,-1.3877787807814458e-18,1.4210854715202005e-15,-4.274358644806853e-16,-0.025290693539821555
2021-05-08,-0.07239047784986506,-2.609024107869118e-16,1.4210854715202005e-15,5.551115123125783e-18,-0.018097619462465978
2021-05-09,-0.04486786611822067,-9.992007221626409e-17,-8.881784197001252e-16,1.0436096431476472e-15,-0.011216966529555153
2021-05-10,-0.03868569302092414,1.27675647831893e-16,5.773159728050814e-16,-1.4432899320127036e-16,-0.009671423255230896
2021-05-11,-0.02002552328430072,-3.7470027081099036e-17,0.0,5.551115123125783e-16,-0.00500638082107505
2021-05-12,-0.023148848669145607,2.1094237467877973e-16,-3.108624468950438e-16,-3.774758283725532e-16,-0.005787212167286521
2021-05-13,-0.04255268181014271,-3.2612801348363975e-17,2.9753977059954196e-15,-7.577272143066694e-16,-0.010638170452535132
2021-05-14,-0.017899432349084067,9.159339953157541e-17,-3.907985046680551e-15,-4.357625371653739e-16,-0.00447485808727208
